CBL	Q249E	1
CBL	N454D	2
CBL	L399V	3
CBL	V391I	3
CBL	Deletion	0
CBL	Y371H	3
CBL	C384R	3
CBL	P395A	3
CBL	K382E	3
CBL	R420Q	3
CBL	C381A	3
CBL	P428L	4
CBL	Truncating Mutations	0
CBL	Q367P	3
CBL	M374V	4
CBL	Y371S	3
CBL	H94Y	5
CBL	C396R	3
CBL	G375P	3
CBL	S376F	3
SHOC2	S2G	3
TERT	C228T	6
TERT	H412Y	3
TERT	Amplification	1
DICER1	G1809R	3
DICER1	G1809K	3
DICER1	D1709E	0
DICER1	D1810A	3
DICER1	E1705K	3
DICER1	Deletion	0
PTPRT	T1365M	3
PTPRT	T844M	3
PTPRT	A707T	0
PTPRT	A209T	0
PTPRT	Y280H	0
PTPRT	D927G	3
PTPRT	N510K	0
PTPRT	L708P	0
PTPRT	V995M	3
PTPRT	Y412F	0
PTPRT	F74S	0
PTPRT	R453C	0
PTPRT	R1209W	3
PTPRT	A1022E	3
PTPRT	Q984K	3
PTPRT	T605M	0
PTPRT	N1125I	3
RHEB	Y35N	6
SHQ1	Deletion	0
RAD50	L234fs	0
RAD50	L1273F	3
RAD50	Deletion	0
CCND3	P284L	1
CCND3	T286A	6
CCND3	I290A	1
CCND3	I290R	1
RIT1	A77S	6
RIT1	A77T	1
RIT1	M90I	6
CCNE1	Amplification	6
RYBP	Truncating Mutations	0
TGFBR1	N45S	3
TGFBR1	R487Q	0
TGFBR1	C41Y	3
TGFBR1	G52R	3
TGFBR1	P83L	3
TGFBR1	S241L	0
TGFBR1	S387Y	3
TGFBR1	TGFBR1*6A	3
TGFBR2	D404G	3
TGFBR2	P525L	3
TGFBR2	Truncating Mutations	0
TGFBR2	Deletion	0
MSH6	R976H	0
MSH6	E1322*	3
MSH6	G39E	4
MSH6	Deletion	0
MSH6	R1095H	4
MSH6	Truncating Mutations	0
MSH6	V509A	4
MSH6	E946*	3
MSH6	F1088Sfs*2	3
LATS1	Truncating Mutations	3
PBRM1	Truncating Mutations	0
PBRM1	Deletion	0
PBRM1	N1333Gfs*	3
SF3B1	K700R	7
SF3B1	R625C	8
SF3B1	H662Q	8
SF3B1	K666M	8
SF3B1	H662R	8
SF3B1	R625H	8
SF3B1	R625L	8
SF3B1	E622Q	8
SF3B1	K666N	8
SF3B1	K700E	8
SF3B1	R957Q	8
EGFR	S752_I759del	1
EGFR	I491M	4
EGFR	D770_P772dup	6
EGFR	G719A	6
EGFR	G735S	6
EGFR	N771_H773dup	6
EGFR	K467T	1
EGFR	E746_T751insIP	6
EGFR	D770_N771insD	6
EGFR	G724S	6
EGFR	K745_A750del	6
EGFR	L858M	1
EGFR	H870R	4
EGFR	H773L	6
EGFR	L747P	6
EGFR	E709V	1
EGFR	H773Y	1
EGFR	V851A	3
EGFR	EGFR-RAD51 Fusion	6
EGFR	D770_N771insNPG	6
EGFR	E746_A750del	6
EGFR	E746Q	1
EGFR	EGFRvV	6
EGFR	A859_L883delinsV	1
EGFR	A750_E758del	6
EGFR	V769_D770insGVV	6
EGFR	G796S	6
EGFR	R836C	1
EGFR	P691S	1
EGFR	G857E	1
EGFR	L747V	1
EGFR	T783A	1
EGFR	L692F	1
EGFR	A750_E758delinsP	6
EGFR	V726M	1
EGFR	L747_P753delinsS	6
EGFR	Exon 19 deletion	6
EGFR	S768I	6
EGFR	C620Y	6
EGFR	S921R	5
EGFR	N826Y	1
EGFR	H773insLGNP	6
EGFR	H773_V774insH	6
EGFR	L747_A750delinsP	6
EGFR	C628Y	2
EGFR	Exon 20 insertion	6
EGFR	Exon 19 insertion	6
EGFR	L747F	1
EGFR	N826S	6
EGFR	L747_E749del	6
EGFR	Amplification	6
EGFR	L858Q	1
EGFR	L747_T751del	6
EGFR	V774A	1
EGFR	S645C	1
EGFR	L858R	6
EGFR	EGFR-KDD	6
EGFR	L747_A750del	6
EGFR	H773dup	6
EGFR	E746G	1
EGFR	L861P	1
EGFR	K745M	3
EGFR	E746_T751delinsA	6
EGFR	L747S	1
EGFR	S492R	7
EGFR	S768_D770dup	6
EGFR	L861R	6
EGFR	G719D	1
EGFR	E709_T710delinsD	6
EGFR	A763_Y764insFQEA	6
EGFR	S784F	6
EGFR	Y801H	6
EGFR	V742A	6
EGFR	E746_A750delinsQ	6
EGFR	L747_P753del	6
EGFR	T725M	6
EGFR	L703P	1
EGFR	T790M	6
EGFR	EGFRvIV	6
EGFR	S768_V769insVAS	6
EGFR	E746_T751delinsVA	6
EGFR	R776H	6
EGFR	T263P	6
EGFR	T785A	6
EGFR	L838V	6
EGFR	A767_V769del	1
EGFR	G863S	1
EGFR	I853T	3
EGFR	L833V	6
EGFR	R324L	6
EGFR	W731L	6
EGFR	E884K	6
EGFR	T34_A289del	6
EGFR	G719C	1
EGFR	E330K	6
EGFR	R841K	0
EGFR	D770_N771insVDSVDNP	6
EGFR	E746_S752delinsA	6
EGFR	R776C	6
EGFR	E868G	6
EGFR	P848L	4
EGFR	G810S	6
EGFR	EGFR-PURB Fusion	1
EGFR	E709G	1
EGFR	E709K	6
EGFR	P596L	1
EGFR	E709A	6
EGFR	D587H	6
EGFR	G863D	6
EGFR	L838P	1
EGFR	E746_S752delinsI	6
EGFR	V843I	6
EGFR	G465E	1
NKX2-1	IGH-NKX2 Fusion	1
NKX2-1	TRB-NKX2-1 Fusion	1
NKX2-1	TRA-NKX2-1 Fusion	1
NKX2-1	A339V	6
EIF1AX	A113_splice	6
ARID2	Deletion	0
ARID2	Truncating Mutations	0
BRD4	Amplification	6
BRD4	BRD4-NUT Fusion	6
HIST1H1C	S102F	0
CHEK2	K373E	3
CHEK2	I157T	5
CHEK2	E161del	3
CHEK2	P85L	2
CHEK2	S428F	0
CHEK2	R117G	3
CHEK2	E321K	3
PAK1	Amplification	6
TMPRSS2	TMPRSS2-ETV1 Fusion	6
TMPRSS2	TMPRSS2-ETV5 Fusion	1
TMPRSS2	T75M	2
TMPRSS2	M160V	2
H3F3A	G35R	7
H3F3A	K28M	7
ELF3	I279P	0
ELF3	R331P	0
ELF3	S330A	4
ELF3	S308A	4
ELF3	K320E	4
ROS1	S1986F	1
ROS1	Amplification	1
ROS1	D2033N	1
ROS1	L1947R	1
ROS1	ROS1-CD74 Fusion	6
ROS1	LIMA1-ROS1 Fusion	1
ROS1	V2098I	1
ROS1	G2032R	1
ROS1	G1971E	1
ROS1	SLC34A2-ROS1 Fusion	6
ROS1	L1951R	5
ROS1	MSN-ROS1 Fusion	1
ROS1	Fusions	1
ROS1	LRIG3-ROS1 Fusion	6
ROS1	SDC4-ROS1 Fusion	6
ROS1	CEP85L-ROS1 Fusion	1
ROS1	CD74-ROS1 Fusion	6
ROS1	C2060G	1
ROS1	CCDC6-ROS1 Fusion	1
ROS1	E1935G	1
ROS1	FIG-ROS1 Fusion	6
ASXL2	Truncating Mutations	0
CDH1	R732Q	0
CDH1	Deletion	0
CDH1	A617T	3
CDH1	D254N	3
CDH1	A298T	0
CDH1	T340A	3
CDH1	D257N	0
CDH1	Epigenetic Silencing	0
EPCAM	3' Deletion	3
EP300	Fusions	1
EP300	Y1414C	3
EP300	R1627	3
EP300	C1385	3
EP300	EP300-MOZ Fusion	6
EP300	Deletion	0
EP300	P1502L	3
EPAS1	534_536del	1
EPAS1	P531L	1
EPAS1	A530T	1
EPAS1	P531A	1
TP53	R273L	3
TP53	K120E	3
TP53	C277Q	0
TP53	R337P	0
TP53	P278S	3
TP53	Y234H	3
TP53	Q331R	0
TP53	H115N	5
TP53	R249W	3
TP53	R248W	3
TP53	S121A	1
TP53	P153H	0
TP53	K120N	3
TP53	G245D	0
TP53	R175H	3
TP53	R181L	0
TP53	G244S	3
TP53	S240R	0
TP53	E221Q	5
TP53	Y220C	3
TP53	R342P	3
TP53	C242F	0
TP53	C242S	3
TP53	C135S	0
TP53	S121C	5
TP53	S241F	0
TP53	R248K	0
TP53	H214R	0
TP53	L330R	0
TP53	P151S	3
TP53	Truncating Mutations	0
TP53	C176F	3
TP53	C277R	0
TP53	L344R	0
TP53	R267Q	0
TP53	R156H	3
TP53	D186A	0
TP53	C275S	3
TP53	E285K	0
TP53	DNA binding domain insertions	3
TP53	V157D	3
TP53	Y236S	3
TP53	R337H	0
TP53	R213Q	3
TP53	R280K	3
TP53	R110P	0
TP53	H168N	0
TP53	R290G	0
TP53	H193P	3
TP53	N239S	3
TP53	L348S	0
TP53	H179L	3
TP53	H297N	4
TP53	G244D	0
TP53	G245S	3
TP53	L348F	0
TP53	Y163C	3
TP53	H179N	0
TP53	N235D	3
TP53	H168R	3
TP53	E285V	3
TP53	I255F	0
TP53	R158H	3
TP53	A161T	0
TP53	P278A	0
TP53	R249M	3
TP53	F341C	0
TP53	G266R	3
TP53	C141Y	0
TP53	V143A	0
TP53	E326L	3
TP53	C229R	0
TP53	K291Q	0
TP53	Q144R	0
TP53	R248Q	0
TP53	P250L	0
TP53	A347T	0
TP53	I251S	0
TP53	F134Y	0
TP53	G199R	0
TP53	C135R	3
TP53	DNA binding domain missense mutations	3
TP53	A161S	3
TP53	G334R	2
TP53	V173L	3
TP53	H193N	3
TP53	R280A	0
TP53	R280T	0
TP53	Y236C	3
TP53	R156C	0
TP53	T150I	0
TP53	L344P	3
TP53	H233N	0
TP53	E258V	0
TP53	C238F	3
TP53	F212Y	5
TP53	R282W	0
TP53	R267P	1
TP53	H214Q	0
TP53	T123A	4
TP53	S215C	0
TP53	R282Q	0
TP53	R273H	3
TP53	C135Y	8
TP53	R181H	3
TP53	P151H	0
TP53	F328V	0
TP53	R273G	0
TP53	V197E	0
TP53	K120M	3
TP53	I195T	0
TP53	G356A	5
TP53	R158C	0
TP53	L145R	3
TP53	R337L	0
TP53	G266E	0
SMAD2	R321Q	3
SMAD2	P305L	0
SMAD2	F346V	4
SMAD2	V319D	0
SMAD2	Deletion	3
SMAD2	D450E	0
SMAD2	Y406H	5
SMAD2	S276L	0
SMAD2	D300H	0
SMAD2	Y426A	0
SMAD2	R428A	5
SMAD3	K341A	0
SMAD3	D258N	3
SMAD3	R373H	0
SMAD3	Deletion	0
SMAD3	Y297A	0
SMAD3	Y238A	0
SMAD3	R243A	0
SMAD3	D408Y	3
SMAD3	Y384A	0
SMAD3	W406A	0
SMAD3	R268A	3
SMAD3	D408E	3
SMAD3	V277D	3
SMAD3	S425C	3
SMAD3	Y237A	2
SMAD3	P336S	3
SMAD4	D537E	3
SMAD4	K507Q	0
SMAD4	G508S	0
SMAD4	R378A	0
SMAD4	R361C	3
SMAD4	L43V	0
SMAD4	R497H	3
SMAD4	R515G	3
SMAD4	W398V	5
SMAD4	Y513A	5
SMAD4	V465M	5
SMAD4	D493A	0
SMAD4	V370D	0
SMAD4	R100T	3
SMAD4	P130S	3
SMAD4	K507A	0
SMAD4	E330G	0
SMAD4	K428A	0
SMAD4	E330K	3
SMAD4	Y353L	0
SMAD4	D351H	3
SMAD4	A532H	3
CDK4	Amplification	6
CDK4	R24C	6
CDK4	K22A	6
CDK6	A197T	3
CDK6	Amplification	6
FBXW7	R465H	3
FBXW7	R479L	3
FBXW7	S462Y	4
FBXW7	S227A	3
FBXW7	D520N	0
FBXW7	R479Q	3
FBXW7	R505C	3
FBXW7	R689Q	0
FBXW7	K11R	0
FBXW7	T205A	1
FBXW7	R505L	3
FBXW7	Deletion	0
FBXW7	I347M	4
FBXW7	Copy Number Loss	3
FBXW7	R482Q	3
CDK8	Amplification	6
CDKN1A	Deletion	0
CDKN1B	Deletion	3
CDKN1B	P133T	0
CDKN1B	V109G	5
CDKN1B	Truncating Mutations	0
CDKN2A	Q50P	3
CDKN2A	P114L	3
CDKN2A	E69G	3
CDKN2A	G67R	3
CDKN2A	L97R	3
CDKN2A	Q50*	3
CDKN2A	D84H	3
CDKN2A	M53I	3
CDKN2A	N71S	3
CDKN2A	R80P	0
CDKN2A	D84V	3
CDKN2A	D74N	3
CDKN2A	D74Y	3
CDKN2A	P81L	3
CDKN2A	L32P	3
CDKN2A	D108H	0
CDKN2A	Deletion	3
CDKN2A	G35R	3
CDKN2A	N71K	3
CDKN2A	R24P	3
CDKN2A	A148T	5
CDKN2A	G23D	3
CDKN2A	R80L	3
CDKN2A	A36P	3
CDKN2A	P48L	3
CDKN2A	D108N	0
CDKN2A	P81T	3
CDKN2A	G101W	3
CDKN2A	A57V	3
CDKN2A	R87L	3
CDKN2A	H83N	3
CDKN2A	D84N	3
CDKN2A	P114S	3
CDKN2A	I49S	3
CDKN2A	S56I	3
CDKN2A	R79P	3
CDKN2A	R87P	3
CDKN2A	G93W	3
CDKN2B	Truncating Mutations	0
CDKN2B	Deletion	3
CDKN2B	Hypermethylation	3
CDKN2B	E35*	3
CDKN2B	D86N	3
CDKN2B	A23E	3
CDKN2C	Deletion	0
ERBB2	E812K	5
ERBB2	L49H	4
ERBB2	R678Q	1
ERBB2	T798M	1
ERBB2	D808N	1
ERBB2	V659E	6
ERBB2	S760A	4
ERBB2	V839G	5
ERBB2	C630Y	5
ERBB2	I767M	6
ERBB2	S1002R	5
ERBB2	K753E	5
ERBB2	E719K	5
ERBB2	Y772_A775dup	6
ERBB2	G776S	6
ERBB2	S335C	1
ERBB2	L785F	5
ERBB2	L915M	5
ERBB2	C334S	6
ERBB2	G776delinsVC	6
ERBB2	G660D	6
ERBB2	K753M	3
ERBB2	V750E	4
ERBB2	N319D	4
ERBB2	V773A	1
ERBB2	E717K	5
ERBB2	K753A	3
ERBB2	T733I	1
ERBB2	Y835F	0
ERBB2	S653C	6
ERBB2	M774_A775insAYVM	6
ERBB2	D769H	6
ERBB2	L726I	6
ERBB2	H878Y	6
ERBB2	Exon 20 insertions	6
ERBB2	Amplification	6
ERBB2	L755S	6
ERBB2	D821N	1
ERBB2	E265K	1
ERBB2	D769Y	6
ERBB2	T798I	7
ERBB2	L755P	6
ERBB2	Y1248F	3
ERBB2	V777L	6
ERBB2	S783P	5
ERBB2	D769A	3
ERBB2	C311R	6
ERBB2	G776delinsLC	6
ERBB2	D277H	1
ERBB2	R143Q	4
ERBB2	G309E	6
ERBB2	E321G	6
ERBB2	L726F	1
ERBB2	V777M	4
ERBB2	Y803N	5
ERBB2	G778_P780dup	6
ERBB2	S310Y	6
ERBB2	V794M	1
ERBB2	G776_V777insYVMA	6
ERBB3	A1131T	5
ERBB3	G284R	6
ERBB3	T389K	6
ERBB3	Amplification	6
ERBB3	Q809R	6
ERBB3	R669C	5
ERBB3	A232V	6
ERBB4	E452K	6
ERBB4	EZR-ERBB4 Fusion	6
ERBB4	R306S	6
ERBB4	E563K	6
ERBB4	V348L	2
ERBB4	T244R	2
ERBB4	Y285C	6
ERBB4	D595V	6
ERBB4	Fusions	1
ERBB4	N181S	2
ERBB4	R838Q	5
ERBB4	G785S	5
ERBB4	G936R	5
ERBB4	E317K	6
ERBB4	E542K	6
ERBB4	E872K	6
ERBB4	K935I	6
ERBB4	E836K	6
ERCC2	G665A	0
ERCC2	E606G	0
ERCC2	A717G	0
ERCC2	N238S	0
ERCC2	R631C	0
ERCC2	D513Y	0
ERCC2	V536M	0
ERCC2	R592H	4
ERCC2	Y24C	0
ERCC2	D423N	0
ERCC2	V242F	0
ERCC2	R601Q	0
BRIP1	A349P	0
BRIP1	P47A	3
BRIP1	M299I	5
BRIP1	Truncating Mutations	0
BRIP1	Deletion	0
BRIP1	K52R	3
ERCC3	R109*	3
ERCC4	R689S	3
ERCC4	Deletion	0
ERCC4	E875G	3
ERCC4	L230P	3
ERCC4	Truncating Mutations	0
ERCC4	S786F	3
ABL1	BCR-ABL1 Fusion	6
ABL1	L248V	1
ABL1	M244V	1
ABL1	Fusions	1
ABL1	E355A	1
ABL1	E281K	1
ABL1	Y253F	6
ABL1	T315I	1
ABL1	E279K	1
ABL1	E255V	1
ABL1	E255K	1
ABL1	H396P	1
ABL1	Y253H	1
ABL1	V299L	1
ABL1	V379I	1
ABL1	M351T	1
ABL1	V289F	1
ABL1	Q252H	1
ABL1	F317L	1
ABL1	F359C	1
ERG	TMPRSS2-ERG Fusion	6
ERG	EWSR1-ERG Fusion	6
ERG	FUS-ERG Fusion	6
HLA-A	596_619splice	0
HLA-B	Truncating Mutations	0
PDGFRA	A633T	1
PDGFRA	KDR-PDGFRA Fusion	6
PDGFRA	N870S	2
PDGFRA	Q579R	6
PDGFRA	R748G	6
PDGFRA	R841K	6
PDGFRA	N659K	6
PDGFRA	H570R	2
PDGFRA	Y555C	6
PDGFRA	S584L	6
PDGFRA	V536E	6
PDGFRA	I843_D846del	6
PDGFRA	H650Q	6
PDGFRA	G829R	2
PDGFRA	A633V	2
PDGFRA	V561_I562insER	6
PDGFRA	I562M	2
PDGFRA	V561A	1
PDGFRA	D842_M844del	6
PDGFRA	D842_H845del	6
PDGFRA	S566_E571delinsR	6
PDGFRA	N659R	6
PDGFRA	KIF5B-PDGFRA Fusion	6
PDGFRA	Y849S	6
PDGFRA	I834V	2
PDGFRA	G853D	6
PDGFRA	P577S	6
PDGFRA	E311_K312del	6
PDGFRA	W349C	0
PDGFRA	D846Y	6
PDGFRA	N848K	6
PDGFRA	I843del	6
PDGFRA	L507P	4
PDGFRA	N659S	6
PDGFRA	V561D	6
PDGFRA	C456_R481del	6
PDGFRA	H845_N848delinsP	6
PDGFRA	STRN-PDGFRA Fusion	6
PDGFRA	D842Y	6
PDGFRA	Y849C	6
PDGFRA	BCR-PDGFRA Fusion	6
PDGFRA	560_561insER	6
PDGFRA	ETV6-PDGFRA Fusion	6
PDGFRA	V658A	6
PDGFRA	F808L	3
PDGFRB	KANK1-PDGFRB Fusion	6
PDGFRB	R987W	0
PDGFRB	NIN-PDGFRB Fusion	1
PDGFRB	GPIAP1-PDGFRB Fusion	1
PDGFRB	GOLGA4-PDGFRB Fusion	1
PDGFRB	TP53BP1-PDGFRB Fusion	1
PDGFRB	EBF1-PDGFRB Fusion	6
PDGFRB	ATF7IP-PDGFRB Fusion	1
PDGFRB	Amplification	5
PDGFRB	E1071W	0
PDGFRB	BIN2-PDGFRB Fusion	1
PDGFRB	CEP85L-PDGFRB Fusion	1
PDGFRB	HIP1-PDGFRB Fusion	6
PDGFRB	V665A	3
RBM10	Deletion	0
RBM10	V354E	3
KDM5C	V1075Yfs*2	3
KDM5C	Overexpression	1
ESR1	V534E	2
ESR1	L536P	6
ESR1	L469V	6
ESR1	S463P	1
ESR1	E380Q	6
ESR1	ESR1-YAP1 Fusion	6
ESR1	L536Q	6
ESR1	L536H	6
ESR1	V422del	6
ESR1	ESR1-CCDC170 Fusion	6
ESR1	S432L	2
ESR1	Y537C	6
ESR1	Y537S	6
ETV1	EWSR1-ETV1 Fusion	6
ETV6	R418G	3
ETV6	R369Q	0
ETV6	Fusions	1
ETV6	P214L	3
ETV6	R369W	0
ETV6	385_418del	3
ETV6	ETV6-FLT3 Fusion	6
ETV6	ETV6-NTRK3 Fusion	6
TSC1	F158C	3
TSC1	K82T	4
TSC1	S35Q	3
TSC1	H68R	0
TSC1	R246K	2
TSC1	G305W	2
TSC1	N198_F199delinsI	3
TSC1	V220F	0
TSC1	H105R	3
TSC1	Truncating Mutations	0
TSC1	G305R	2
TSC1	L191H	3
TSC1	L180P	3
TSC1	R1097H	2
IKZF1	Deletion	3
TSC2	S1036P	0
TSC2	G1567D	0
TSC2	L410R	3
TSC2	V299G	0
TSC2	Truncating Mutations	0
TSC2	L1584R	0
TSC2	T1623I	3
TSC2	H597Y	3
TSC2	E1552del	3
TSC2	T1203K	3
TSC2	V1673F	0
TSC2	V705M	3
TSC2	G1596V	0
TSC2	R905W	3
TSC2	R905Q	3
TSC2	V1673D	0
TSC2	R611W	3
TSC2	L830R	3
TSC2	S1653P	3
TSC2	R905G	3
TSC2	S1653F	3
TSC2	V769E	3
TSC2	Q1503P	0
TSC2	Deletion	0
TSC2	A889P	3
TSC2	W1610G	0
TSC2	R1200W	3
TSC2	L493V	0
TSC2	L493P	6
TSC2	C696Y	3
TSC2	L826P	0
TSC2	A614D	3
TSC2	L146R	0
TSC2	R611Q	3
TSC2	S1498N	0
TSC2	F615S	0
TSC2	V705E	3
TSC2	L844R	0
TSC2	L448P	0
TSC2	E75G	0
EWSR1	EWSR1-YY1 Fusion	6
EWSR1	EWSR1-ETV1 Fusion	6
EWSR1	Fusions	1
EWSR1	EWSR1-FLI1 Fusion	6
EWSR1	EWSR1-ETV4 Fusion	1
EWSR1	EWSR1-ATF1 Fusion	1
EWSR1	EWSR1-WT1 Fusion	6
ACVR1	R206H	6
ACVR1	G328E	1
ACVR1	G328V	6
FOXA1	G87R	0
FOXA1	L455M	0
FOXA1	Amplification	6
EZH2	Y646N	8
EZH2	Y646F	8
EZH2	Y646S	8
EZH2	A677G	8
EZH2	Overexpression	6
EZH2	Amplification	6
KLF4	K409Q	1
RXRA	S247Y	5
MAP3K1	E1286V	4
MAP3K1	T779fs	0
AXIN1	Truncating Mutations	0
BAP1	Deletion	0
BAP1	A95D	3
BAP1	E685V	3
BAP1	C91S	3
BAP1	Truncating Mutations	0
BAP1	F170I	3
BAP1	I47F	3
BAP1	C91A	3
BAP1	F81V	3
FANCA	S858R	3
FANCA	S1088F	0
FANCA	Truncating Mutations	0
FANCA	Deletion	0
FANCA	L274P	3
FANCA	W183A	3
FANCA	L210R	3
FANCC	Truncating Mutations	0
MET	X1007_splice	6
MET	Y1003C	1
MET	F1200I	6
MET	N375S	5
MET	V1092I	6
MET	Y1230C	6
MET	Y1003F	6
MET	Amplification	6
MET	L1195V	6
MET	X963_splice	6
MET	H1094Y	6
MET	Overexpression	6
MET	Y1003*	1
MET	Y1235D	6
MET	H1094L	6
MET	981_1028splice	6
MET	D1010N	1
MET	X1008_splice	6
MET	H1094R	6
MET	PTPRZ1-MET Fusion	1
MET	H1106D	1
MET	Y1230H	6
MET	E168D	6
MET	V1070E	6
MET	963_D1010splice	6
MET	N1100Y	6
MET	T992I	6
U2AF1	S34F	8
KMT2C	S3660L	4
KMT2C	A1685S	3
KMT2C	Deletion	0
FAT1	Deletion	3
FAT1	A4419S	0
FAT1	P4309A	0
FAT1	Truncating Mutations	0
ARID1B	Deletion	0
ARID1B	Truncating Mutations	0
PIK3CA	R38H	6
PIK3CA	I31M	4
PIK3CA	K111E	6
PIK3CA	R88Q	6
PIK3CA	R108H	6
PIK3CA	E542G	5
PIK3CA	G106V	6
PIK3CA	D350G	6
PIK3CA	E545Q	6
PIK3CA	V344A	1
PIK3CA	E78K	5
PIK3CA	N1068fs*4	6
PIK3CA	R93Q	1
PIK3CA	N1044K	6
PIK3CA	E116K	4
PIK3CA	T1025S	6
PIK3CA	C420R	6
PIK3CA	K111N	1
PIK3CA	N345I	1
PIK3CA	E365K	6
PIK3CA	E81K	1
PIK3CA	Q546K	6
PIK3CA	Q546P	6
PIK3CA	E542K	6
PIK3CA	R93W	6
PIK3CA	H1047R	6
PIK3CA	A1066V	4
PIK3CA	Amplification	1
PIK3CA	P449_L455del	6
PIK3CA	H1047L	6
PIK3CA	P449T	6
PIK3CA	P539R	6
PIK3CA	A1020V	4
PIK3CA	G914R	1
PIK3CA	Q546R	6
PIK3CA	E579K	1
PIK3CA	D1029Y	1
PIK3CA	R115L	4
PIK3CA	G106_R108del	1
PIK3CA	E545A	6
PIK3CA	H1047Y	6
PIK3CA	C378R	1
PIK3CA	E545G	6
PIK3CA	I391M	4
PIK3CA	E542V	6
PIK3CA	M1043V	6
PIK3CB	N553S	1
PIK3CB	ACPP-PIK3CB Fusion	1
PIK3CB	Fusions	1
PIK3CB	D1067V	6
PIK3CB	D1067Y	6
PIK3CB	E633K	1
PIM1	L193F	0
PIM1	N82K	0
PIM1	H68Y	1
PIM1	E124Q	5
PIM1	E142D	5
PIM1	E135K	5
PIM1	Y53H	5
PIK3CD	E525K	6
PIK3CD	N334K	6
PIK3CD	E1021K	6
YAP1	Fusions	1
YAP1	YAP1-MAMLD1 Fusion	1
YAP1	YAP1-FAM118B Fusion	1
PIK3R1	G376R	3
PIK3R1	L370fs	0
PIK3R1	E218*	0
PIK3R1	Deletion	0
PIK3R1	I559_D560insDKRMNS	3
PIK3R1	N564D	3
PIK3R1	W237_Y242del	0
PIK3R1	E137K	0
PIK3R1	E160*	3
PIK3R1	Q579_L581del	3
PIK3R1	X582_splice	0
PIK3R1	D560Y	3
PIK3R1	R574fs	3
PIK3R1	X434_splice	3
PIK3R1	K459_S460delinsN	3
PIK3R1	K288Q	0
PIK3R1	R262T	0
PIK3R1	N564K	3
PIK3R1	E439del	3
PIK3R2	K376N	5
PIK3R2	Amplification	1
PIK3R2	N561D	6
PIK3R2	D557H	0
PIK3R2	A727V	4
PIK3R2	A171V	6
PIK3R2	S273C	4
ARID5B	Truncating Mutations	0
HRAS	G13D	1
HRAS	Amplification	1
HRAS	K117R	6
HRAS	G13R	1
HRAS	G13V	1
HRAS	A146V	1
HRAS	Q61K	6
HRAS	T58I	1
HRAS	G12A	1
HRAS	G12S	6
HRAS	Y64A	1
HRAS	P34R	1
HRAS	G12C	1
HRAS	A59T	1
MLH1	R265S	0
MLH1	R100*	3
MLH1	A111P	0
MLH1	P654L	5
MLH1	R659P	5
MLH1	G101S	0
MLH1	V716M	4
MLH1	E172K	5
MLH1	R659*	3
MLH1	R755S	0
MLH1	T117M	3
MLH1	W714*	3
MLH1	P648S	5
MLH1	Truncating Mutations	0
MLH1	A120S	3
MLH1	R487*	0
MLH1	G67W	3
MLH1	L622H	5
MLH1	L582F	5
MLH1	K618T	4
MLH1	L559R	5
MLH1	R659L	0
FGF3	Amplification	5
FGF4	Amplification	5
KMT2A	Amplification	5
KMT2A	Truncating Mutations	0
KMT2A	Fusions	1
AKT1	E267G	1
AKT1	L321A	6
AKT1	Q59E	2
AKT1	E40K	6
AKT1	K179M	7
AKT1	L362R	2
AKT1	V270A	6
AKT1	L52R	6
AKT1	E49K	6
AKT1	Q79E	6
AKT1	G311D	7
AKT1	L78T	6
AKT1	Q79K	6
AKT1	K39N	4
AKT1	W80A	6
AKT1	T195I	6
AKT1	D325A	6
AKT1	K189N	6
AKT1	R23A	6
AKT1	L202F	2
AKT1	C77F	1
AKT2	D32H	6
AKT2	K181M	8
AKT2	I289M	6
AKT2	R170W	6
AKT2	R368C	6
AKT2	G161V	8
AKT2	Fusions	1
AKT2	Amplification	6
AKT2	E17K	6
AKT2	D399N	6
FGFR1	ZNF198-FGFR1 Fusion	6
FGFR1	Amplification	6
FGFR1	FGFR1-TACC1 Fusion	6
FGFR1	Fusions	1
FGFR1	ERLIN2?FGFR1 Fusion	6
FGFR1	CUX1-FGFR1 Fusion	6
FGFR3	A500T	4
FGFR3	K650E	6
FGFR3	D617G	0
FGFR3	K650T	1
FGFR3	D641N	6
FGFR3	N540S	6
FGFR3	D641G	6
FGFR3	Y647C	1
FGFR3	S371C	6
FGFR3	E627D	4
FGFR3	K650R	1
FGFR3	K508M	5
FGFR3	G637W	0
FGFR3	FGFR3 - BAIAP2L1 Fusion	6
FGFR3	D646Y	4
FGFR3	C582F	4
FGFR3	R669G	6
FGFR3	I538V	6
FGFR3	F384L	4
FGFR3	G375C	6
FGFR3	V555M	6
FGFR3	Y373C	6
FGFR3	S249C	6
FGFR3	A391E	6
FGFR3	K650M	1
FGFR3	K650N	1
FGFR3	G380R	6
SPOP	F133V	3
SPOP	R121Q	3
SPOP	W131A	0
SPOP	S119N	3
SPOP	S80R	3
SPOP	G75R	3
SPOP	K129E	0
SPOP	E50K	3
SPOP	F133L	3
SPOP	Y87N	3
SPOP	D130A	0
SPOP	F102C	3
SPOP	M117I	3
FGFR2	K517R	0
FGFR2	K659N	6
FGFR2	Fusions	1
FGFR2	FGFR2-MGEA5 Fusion	1
FGFR2	V755I	4
FGFR2	G271E	0
FGFR2	E565G	6
FGFR2	N549S	6
FGFR2	P253R	6
FGFR2	G701S	5
FGFR2	T341P	6
FGFR2	N549K	6
FGFR2	S252W	6
FGFR2	FGFR2-BICC1 Fusion	6
FGFR2	V248D	5
FGFR2	K526E	1
FGFR2	I642V	0
FGFR2	M535I	6
FGFR2	K525E	6
FGFR2	FGFR2-TACC3 Fusion	6
FGFR2	FGFR2-KIAA1967 Fusion	1
FGFR2	S267_D273dup	6
FGFR2	C278F	0
FGFR2	A389T	4
FGFR2	L617M	6
FGFR2	C382R	6
FGFR2	K641N	1
FGFR2	FGFR2-CCDC6 Fusion	6
FGFR2	E219K	0
FGFR2	K641R	6
FGFR2	D101Y	1
FGFR2	N549T	6
FGFR2	V564I	6
FGFR2	K659E	1
FGFR2	E475K	4
FGFR4	V550E	6
FGFR4	Amplification	6
KDM6A	Deletion	0
KDM6A	Truncating Mutations	0
ALK	G1128S	6
ALK	L1122V	6
ALK	T1151M	4
ALK	NPM-ALK Fusion	6
ALK	G1123D	6
ALK	D1203N	1
ALK	RANBP2-ALK Fusion	6
ALK	T1087I	2
ALK	A1200V	2
ALK	E1384K	6
ALK	L1240V	6
ALK	I1171N	6
ALK	G1202R	6
ALK	F1174I	6
ALK	S1206C	6
ALK	I1171T	6
ALK	CAD-ALK Fusion	1
ALK	L1152R	6
ALK	C1156F	6
ALK	F1174L	6
ALK	S1206Y	6
ALK	STRN-ALK Fusion	1
ALK	RANBP1-ALK Fusion	6
ALK	F1245C	6
ALK	M1328I	6
ALK	Q1064R	6
ALK	I1250T	4
ALK	Amplification	1
ALK	T1343I	4
ALK	T1151dup	6
ALK	L1198F	6
ALK	F1245V	6
ALK	G1201E	6
ALK	L1204F	2
ALK	G1269S	6
ALK	G1269A	6
ALK	L1196Q	6
ALK	A1099T	2
ALK	G1286R	2
ALK	D1270G	2
ALK	E1210K	6
ALK	N1178H	6
ALK	K1062M	6
ALK	Fusions	1
ALK	R1231Q	2
ALK	V597A	6
ALK	D1349H	4
ALK	R1464*	2
ALK	I1183T	2
ALK	L1198P	6
ALK	C1156Y	6
ALK	L1152P	6
ALK	H694R	6
ALK	I1170N	6
ALK	R1275L	1
ALK	A1234T	4
RAD54L	G325R	3
SDHC	R133*	3
VEGFA	Amplification	6
MPL	S505N	1
MPL	W515K	1
MPL	W515L	6
MPL	P106L	1
CARM1	S217C	0
CARM1	S217T	0
CARM1	S217A	0
VHL	P86H	3
VHL	R64P	3
VHL	Y98H	0
VHL	V84L	5
VHL	L128F	4
VHL	Truncating Mutations	0
VHL	V155A	3
VHL	G114R	0
VHL	L118P	0
VHL	Y98N	0
VHL	A149P	0
VHL	R69C	3
VHL	Y112H	0
VHL	I151S	0
VHL	L158P	3
VHL	S65W	3
VHL	Q145H	3
VHL	L158Q	3
VHL	H191D	3
VHL	L188V	0
VHL	L118R	0
VHL	W117C	3
VHL	L63P	3
VHL	E70K	0
VHL	P25L	4
VHL	R82P	3
VHL	S65A	0
VHL	Q96P	3
VHL	Deletion	0
MAP2K4	R154W	3
MAP2K4	R228K	3
MAP2K4	P326L	3
MAP2K4	Truncating Mutations	0
MAP2K4	N234I	3
MAP2K4	R134Q	1
MAP2K4	G85R	3
FLT1	Amplification	5
FLT3	N676K	6
FLT3	Y599_D600insGLYVDFREYEY	6
FLT3	F590G	6
FLT3	D324N	2
FLT3	Y591D	6
FLT3	F594L	6
FLT3	I867S	6
FLT3	D835del	6
FLT3	I836del	6
FLT3	E598_Y599insDVDFREYE	6
FLT3	W603_E604insDREYEYDLKW	6
FLT3	N676D	1
FLT3	S840_N841insGS	6
FLT3	R834Q	6
FLT3	N676S	1
FLT3	M664I	1
FLT3	V592A	6
FLT3	S451F	6
FLT3	D835H	6
FLT3	Y842C	6
FLT3	D835E	6
FLT3	F594_R595insSDNEYFYVDF	6
FLT3	L611_E612insCSSDNEYFYVDFREYEYDLKWEFPRENL	6
FLT3	E612_F613insGYVDFREYEYDLKWEFRPRENLEF	6
FLT3	V579A	6
FLT3	Y599_D600insPAPQIMSTSTLISENMNIA	6
FLT3	N841I	6
FLT3	Y572C	6
FLT3	E598_Y599insGLVQVTGSSDNEYFYVDFREYE	6
FLT3	D835Y	6
FLT3	Y599_D600insEYEYEYEY	6
FLT3	D839G	6
FLT3	Amplification	6
FLT3	D600_L601insFREYEYD	6
FLT3	Y599F	0
PMS2	E5K	4
PMS2	R20Q	3
PMS2	G207E	0
PMS2	Truncating Mutations	0
PMS2	R802*	0
PMS2	R421*	0
PMS2	I668V	3
PMS2	L585I	4
PMS2	T485K	4
PMS2	E541K	4
PMS2	R315*	0
SRSF2	P95H	3
WHSC1	E1099K	6
PPM1D	422_605trunc	6
POLE	S459del	0
POLE	P286R	3
POLE	S459F	3
POLE	S279Y	0
POLE	V411L	3
POLE	P286H	3
POLE	L424I	3
POLE	L424V	3
KNSTRN	S24F	3
KNSTRN	R11K	0
KNSTRN	A40E	0
KNSTRN	P26S	0
PIK3R3	Truncating Mutations	0
APC	I1307K	0
APC	Deletion	0
APC	R640G	3
APC	A290T	0
RICTOR	Amplification	6
MSH2	Deletion	0
MSH2	Q337*	3
MSH2	L390F	4
MSH2	Q395*	3
MSH2	W345*	3
MSH2	A636P	0
MSH2	A272V	4
MSH2	D603G	5
MSH2	G751R	3
MSH2	E483*	3
MSH2	R680*	3
MSH2	R383*	3
MSH2	S860L	4
MSH2	S723F	0
MSH2	Q429*	3
MSH2	Q816*	3
MSH2	R389*	3
IDH1	Y139D	6
IDH1	R100A	8
IDH1	G123R	3
IDH1	R132H	8
IDH1	R132G	8
IDH1	R132Q	7
IDH1	P33S	4
IDH1	A134D	3
IDH1	V294M	4
IDH1	H133Q	4
IDH1	I130M	4
IDH1	I99M	4
IDH1	G70D	3
IDH1	R49C	3
IDH1	E190K	4
IDH2	R172S	8
IDH2	R172G	7
IDH2	R172K	8
XPO1	C528S	5
XPO1	E571K	1
XRCC2	Deletion	0
CREBBP	R1446H	0
CREBBP	W1502A	3
CREBBP	Q1500P	4
AR	L702H	6
AR	Q58_Q59insL	0
AR	P380R	5
AR	Q58L	5
AR	A159T	0
AR	T878A	6
AR	W742L	6
AR	W742C	6
AR	T878S	6
AR	Amplification	6
AR	L272F	4
AR	F877L	6
AR	G248V	5
AR	AR-V7	6
ARAF	N217I	6
ARAF	S214A	1
ARAF	S214T	6
ARAF	Q347_A348del	6
ARAF	F351L	6
ARAF	S214C	6
ARAF	G322S	6
RHOA	T37A	1
RHOA	G17V	3
RHOA	G17E	0
RHOA	G14V	3
RHOA	E40Q	1
RHOA	R5Q	0
RHOA	Amplification	6
RHOA	T19N	3
RHOA	Overexpression	6
RHOA	E40L	1
RHOA	E40N	7
NCOR1	Truncating Mutations	0
PPP2R1A	W257G	6
PPP2R1A	P179R	0
PPP2R1A	R183P	0
PPP2R1A	R182W	0
PPP2R1A	R258H	5
PPP2R1A	S256F	0
PPP2R1A	R183Q	0
SETD2	Deletion	3
IGF1R	M1255I	1
IGF1R	A1374V	1
IGF1R	G1125A	0
PPP6C	H114Y	3
PPP6C	P186S	3
PPP6C	S270L	3
CTCF	H284P	0
CTCF	Truncating Mutations	0
MTOR	A1519T	6
MTOR	D2512G	2
MTOR	L1433S	6
MTOR	L2427R	6
MTOR	V2006L	1
MTOR	I2500F	6
MTOR	R2430M	2
MTOR	L2431P	6
MTOR	A8S	4
MTOR	R2505Q	2
MTOR	I2500M	6
MTOR	E2419K	6
MTOR	T1977K	6
MTOR	F1888I	6
MTOR	C1483F	6
MTOR	W1456R	1
MTOR	V2006I	6
MTOR	A41P	2
MTOR	F1888V	2
MTOR	T1977R	6
MTOR	L2230V	6
MTOR	A1459P	6
MTOR	C1483W	6
MTOR	A2034V	1
MTOR	F1888L	6
MTOR	Q2223K	6
MTOR	S2215F	6
MTOR	T1977S	2
MTOR	F2108L	1
MTOR	Y1463S	1
MTOR	S2215Y	6
MTOR	E2014K	6
MTOR	D2512Y	2
MTOR	E1799K	6
MTOR	C1483Y	6
MTOR	L1460P	6
MTOR	R2505*	2
MTOR	A41T	2
MTOR	C1483R	6
TET1	Deletion	0
TET1	MLL-TET1 Fusion	6
SMARCA4	T910M	3
SMARCA4	R1093*	3
SMARCA4	G1232D	3
SMARCA4	Truncating Mutations	0
SMARCB1	Deletion	0
FOXP1	Truncating Mutations	0
FOXP1	R514C	0
SMO	V321M	6
SMO	D473G	1
SMO	H231R	1
SMO	Q635E	1
SMO	N219D	1
SMO	T241M	6
SMO	L221R	1
SMO	S387N	6
SMO	I408V	6
SMO	W535L	6
SMO	Amplification	5
SMO	V414A	1
SMO	A459V	6
SMO	K575M	1
CARD11	F123I	6
CARD11	G116S	6
CARD11	G123S	1
CARD11	L251P	6
CARD11	L225LI	6
CARD11	S250P	6
CARD11	D401N	6
CARD11	E626K	6
MEF2B	N81Y	3
MEF2B	D83V	6
MEF2B	E77K	3
MEF2B	K4E	3
MEF2B	Amplification	1
CTLA4	T17A	0
ATM	E1978*	0
ATM	Truncating Mutations	0
ATM	Deletion	0
NUP93	G591V	2
NUP93	Exon 13 deletion	0
NUP93	K442Nfs*	0
MAPK1	Amplification	6
CTNNB1	S33F	1
CTNNB1	S37C	6
CTNNB1	G34E	6
CTNNB1	D32N	6
CTNNB1	K335I	6
CTNNB1	S33C	6
CTNNB1	S37F	6
CTNNB1	S37Y	6
CTNNB1	H36P	6
CTNNB1	G34V	6
CTNNB1	S45del	6
CTNNB1	T41A	6
CTNNB1	S33A	6
CTNNB1	W383R	6
CTNNB1	N387K	6
CTNNB1	P44A	6
CTNNB1	S45P	6
CTNNB1	S23R	6
MAP2K1	T28I	1
MAP2K1	L115R	5
MAP2K1	C121S	6
MAP2K1	K57T	6
MAP2K1	I204T	6
MAP2K1	I111A	1
MAP2K1	P387S	4
MAP2K1	S123T	6
MAP2K1	Q56P	6
MAP2K1	F53C	1
MAP2K1	K97M	3
MAP2K1	E102_I103del	6
MAP2K1	V60M	6
MAP2K1	K59del	6
MAP2K1	Amplification	5
MAP2K1	Q58_E62del	6
MAP2K1	F53L	6
MAP2K1	I111P	1
MAP2K1	P124L	6
MAP2K1	I103N	6
MAP2K1	P124Q	6
MAP2K1	V60E	1
MAP2K1	V211D	5
MAP2K1	E120Q	4
MAP2K1	F53S	6
MAP2K1	G128V	1
MAP2K1	P306H	6
MAP2K1	I111R	1
MAP2K1	E203K	6
MAP2K1	E144K	6
MAP2K1	L37P	1
MAP2K1	R47Q	6
MAP2K1	D67N	6
MAP2K2	S226D	5
MAP2K2	F57V	1
MAP2K2	F57L	1
MAP2K2	K101M	5
MAP2K2	L46F	6
MAP2K2	N126D	6
MAP2K2	F57C	6
MAP2K2	S222D	5
STAG2	Truncating Mutations	0
IL7R	T244_I245insCPT	6
SOS1	R552S	6
SOS1	R552G	6
SOS1	G434R	1
SOS1	E846K	6
SOS1	N233Y	6
MYC	T73I	1
MYC	PVT1-MYC Fusion	1
MYC	IGL-MYC Fusion	6
MYC	MYC-nick	5
MYC	Fusions	1
MYC	IGH-MYC Fusion	6
MYC	IGK-MYC Fusion	6
MYCN	P44L	1
SOX9	F12L	3
SOX9	Truncating Mutations	0
SOX9	K398A	6
SOX9	L142P	3
SOX9	H65Y	3
SOX9	A19V	2
TET2	Deletion	3
TET2	R1262A	4
TET2	Y1295A	4
TET2	H1904R	0
TET2	R1896M	0
TET2	W1291R	0
TET2	Y1294A	5
TET2	S1303N	5
TET2	K1299E	5
TET2	M1293A	5
TET2	N1387A	0
MYD88	M232T	6
MYD88	S243N	6
AGO2	R647A	0
AGO2	Q545A	0
KMT2B	Truncating Mutations	5
ATR	Truncating Mutations	0
ATRX	Deletion	0
ATRX	Truncating Mutations	0
CDK12	Y901C	3
CDK12	K975E	4
CDK12	Deletion	0
CDK12	R882L	3
CDK12	W719*	3
CDK12	L996F	3
CDK12	G909R	3
CDK12	Truncating Mutations	0
CDK12	D887N	0
AXL	Amplification	1
MYOD1	L122R	1
B2M	M1K	3
B2M	M1V	3
B2M	Deletion	0
B2M	Truncating Mutations	0
SRC	Q531*	6
SRC	Amplification	1
GATA3	Truncating Mutations	0
GATA3	R177Pfs*126	3
BARD1	Deletion	0
CCND1	D289del	6
CCND1	CCND1-IGH Fusion	6
CCND1	Truncating Mutations	1
CCND1	Amplification	6
CCND1	256_286trunc	6
CCND1	T286A	6
CCND1	T286I	6
CCND1	C47S	6
CCND1	P287S	1
CCND1	P287T	6
KEAP1	D422N	3
KEAP1	R470C	3
KEAP1	R272C	3
KEAP1	G430C	3
KEAP1	S243C	3
KEAP1	V155F	3
KEAP1	G423V	3
KEAP1	Truncating Mutations	0
KEAP1	G186R	3
KEAP1	G480W	0
KEAP1	G333S	3
PTCH1	Truncating Mutations	0
PTEN	D92G	3
PTEN	A34D	3
PTEN	E157G	3
PTEN	A121P	3
PTEN	H118P	3
PTEN	A121V	2
PTEN	C136Y	3
PTEN	R130*	3
PTEN	T401I	3
PTEN	L181P	3
PTEN	L112P	3
PTEN	G129R	3
PTEN	Y68H	3
PTEN	P38L	0
PTEN	Y174N	3
PTEN	T131L	3
PTEN	R15S	6
PTEN	S227F	3
PTEN	C71Y	3
PTEN	K125R	2
PTEN	R173C	3
PTEN	D162H	3
PTEN	I32del	3
PTEN	F347L	3
PTEN	M199del	3
PTEN	N276S	3
PTEN	T131A	3
PTEN	S362L	4
PTEN	T167A	3
PTEN	A126G	3
PTEN	P169H	3
PTEN	N48K	3
PTEN	G165R	3
PTEN	R15K	3
PTEN	H123D	3
PTEN	G127N	3
PTEN	L325F	3
PTEN	G20E	3
PTEN	K125M	3
PTEN	C105F	3
PTEN	D92A	3
PTEN	A121E	3
PTEN	A126V	3
PTEN	Y65C	3
PTEN	T131S	2
PTEN	F341V	3
PTEN	A126S	3
PTEN	H93Q	3
PTEN	G251C	3
PTEN	F241S	3
PTEN	I168F	3
PTEN	P95L	3
PTEN	D92E	3
PTEN	L23F	3
PTEN	D162G	3
PTEN	G129E	3
PTEN	K128N	3
PTEN	I122V	2
PTEN	V343E	3
PTEN	T131I	3
PTEN	F21A	3
PTEN	R130L	3
PTEN	H123Q	3
PTEN	V369G	2
PTEN	G127E	3
PTEN	K342N	3
PTEN	I33del	3
PTEN	Y16C	3
PTEN	H61D	3
PTEN	D331G	3
PTEN	G165V	3
PTEN	K62R	3
PTEN	I122L	3
PTEN	A39P	3
PTEN	D24Y	3
PTEN	T319del	3
PTEN	I122S	3
PTEN	K128T	3
PTEN	Y27S	3
PTEN	M134L	3
PTEN	M35R	3
PTEN	F154L	3
PTEN	P96Q	3
PTEN	D326N	3
PTEN	H93R	3
PTEN	D92H	3
PTEN	K128Q	3
BCOR	BCOR-RARA Fusion	7
BCOR	ZC3H7B-BCOR Fusion	7
BCOR	Deletion	0
BCOR	Fusions	7
CIC	R1515H	0
CIC	Truncating Mutations	0
CIC	R201W	0
CIC	Fusions	0
CIC	CIC-DUX4 Fusion	8
INPP4B	Truncating Mutations	0
STAT3	H410R	6
STAT3	D661Y	6
STAT3	Y640F	6
STAT3	D661V	6
STAT3	S614R	6
STAT3	F384L	1
STAT3	F384Y	1
WHSC1L1	Amplification	5
PRDM1	Y149D	3
PRDM1	P48R	3
PRDM1	C569Y	3
PRDM1	Deletion	0
JAK1	S646F	6
JAK1	F958S	6
JAK1	R724H	6
JAK1	Y652H	6
JAK1	L783F	6
JAK1	V658F	6
JAK1	R879C	6
JAK1	A634D	6
JAK1	G1079D	6
JAK1	L910P	6
JAK1	Y1035C	6
JAK1	F958V	6
JAK1	S729C	6
JAK1	K648N	6
JAK2	L611V	1
JAK2	K539L	6
JAK2	Y1045*	5
JAK2	SPAG9-JAK2 Fusion	1
JAK2	SSBP2-JAK2 Fusion	1
JAK2	W1038C	5
JAK2	Y931C	5
JAK2	PCM1-JAK2 Fusion	6
JAK2	R683T	5
JAK2	F537_K539delinsL	6
JAK2	L983F	5
JAK2	N542_E543del	6
JAK2	L1026F	5
JAK2	ATF7IP-JAK2 Fusion	6
JAK2	S1039F	5
JAK2	T875N	6
JAK2	R683S	6
JAK2	Y1045W	5
JAK2	C618R	6
JAK2	Amplification	6
JAK2	F1061W	5
JAK2	H538Q	6
JAK2	R683G	6
JAK2	I1018W	5
JAK2	TEL-JAK2 Fusion	6
JAK2	R683K	6
AURKA	Amplification	6
STK11	L67P	3
STK11	M136R	3
STK11	G163D	3
STK11	K78A	3
STK11	D194Y	3
STK11	R304W	3
STK11	Deletion	0
STK11	Truncating Mutations	0
STK11	H174R	3
STK11	A205T	3
STK11	K78I	3
STK11	F354L	4
JUN	Amplification	6
PTPN11	Deletion	3
PTPN11	D61Y	6
PTPN11	T73I	6
PTPN11	T507K	6
PTPN11	E69K	1
PTPN11	E76K	6
PTPN11	G503V	1
PTPN11	R498L	5
PTPN11	Q510E	0
PTPN11	M504V	6
PTPN11	T468M	3
PTPN11	V45L	6
PTPN11	E76A	6
PTPN11	A72S	6
PTPN11	G464A	5
PTPN11	Y63C	6
PTPN11	D61N	6
PTPN11	Y62C	6
PTPN11	E139D	1
NF1	R1391G	3
NF1	Y489C	3
NF1	R1391S	3
NF1	K1436Q	3
NF1	T1324N	3
NF1	L1301R	3
NF1	V1398D	3
NF1	R1276P	3
NF1	Truncating Mutations	0
NF1	R2450*	0
NF1	R1276Q	3
NF1	E1356G	3
NF1	Deletion	3
PTPRD	R1088C	0
PTPRD	Truncating Mutations	0
PTPRD	P1311T	0
PTPRD	Deletion	3
BRCA1	R1753T	3
BRCA1	C44Y	3
BRCA1	Truncating Mutations	0
BRCA1	G1803A	0
BRCA1	A1830T	4
BRCA1	G1743R	0
BRCA1	C64G	3
BRCA1	S4P	5
BRCA1	K50L	5
BRCA1	Y105C	2
BRCA1	F79S	5
BRCA1	D1778H	5
BRCA1	D1546N	5
BRCA1	D96N	5
BRCA1	Deletion	0
BRCA1	P1856S	4
BRCA1	F1761I	0
BRCA1	A1823T	4
BRCA1	I1807S	0
BRCA1	K38N	5
BRCA1	S1651P	5
BRCA1	V191I	4
BRCA1	T37R	3
BRCA1	D1818G	5
BRCA1	S72R	5
BRCA1	Y179C	5
BRCA1	L52F	2
BRCA1	P1749R	3
BRCA1	H1746Q	5
BRCA1	I21V	2
BRCA1	W1718C	3
BRCA1	R170W	4
BRCA1	T77M	5
BRCA1	V1713A	3
BRCA1	V1833M	0
BRCA1	T1691I	0
BRCA1	L147F	4
BRCA1	E362H	4
BRCA1	S1715C	0
BRCA1	E1794D	4
BRCA1	L358R	4
BRCA1	S308A	5
BRCA1	V1741G	0
BRCA1	R1699L	0
BRCA1	E23fs	3
BRCA1	D245V	4
BRCA1	P142H	2
BRCA1	L1705P	0
BRCA1	P1776S	5
BRCA1	M1783T	5
BRCA1	S1841R	0
BRCA1	W1782C	4
BRCA1	G1706A	2
BRCA1	G1788V	3
BRCA1	W1837G	0
BRCA1	S1512I	4
BRCA1	M1783I	4
BRCA1	E1682V	4
BRCA1	M1783L	4
BRCA1	G1706E	3
BRCA1	R496C	4
BRCA1	N810Y	4
BRCA1	K1702E	0
BRCA1	A1789S	4
BRCA1	V11A	5
BRCA1	D1739V	3
BRCA1	M1775E	0
BRCA1	D67Y	2
BRCA1	D1344H	5
BRCA1	V271L	2
BRCA1	S1841N	0
BRCA1	F1761S	3
BRCA1	M1775K	3
BRCA1	E1060A	4
BRCA1	I90T	5
BRCA1	I15T	5
BRCA1	E1836K	0
BRCA1	F1704S	0
BRCA1	P1812S	5
BRCA1	H1402Y	4
BRCA1	N550H	4
BRCA1	Q1756fs	3
BRCA1	G1738R	3
BRCA1	S1497A	4
BRCA1	N1647K	4
BRCA1	Q1785H	4
BRCA1	R1589P	4
BRCA1	L165P	4
BRCA1	C24R	3
BRCA1	L1844R	4
BRCA1	C1767S	4
BRCA1	K65M	5
BRCA1	V1809A	4
BRCA1	Y1703H	0
BRCA1	C27A	3
BRCA1	N1819Y	5
BRCA1	P1859R	4
BRCA1	Y1853*	3
BRCA1	K56N	5
BRCA1	S1651F	2
BRCA1	V1714G	0
BRCA1	D1778N	4
BRCA1	A1669S	4
BRCA1	W1837R	3
BRCA1	P1806A	4
BRCA1	M18T	3
BRCA1	M1411T	5
BRCA1	S1140G	4
BRCA1	Y1853C	3
BRCA1	T1852S	5
BRCA1	H1805P	4
BRCA1	D1778Y	4
BRCA1	T1685A	0
BRCA1	D1733G	4
BRCA1	Q1811R	0
BRCA1	D1739G	3
BRCA1	I89T	5
BRCA1	G1770V	3
BRCA1	G1763V	0
BRCA1	I31M	2
BRCA1	V1688del	0
BRCA1	S1715R	3
BRCA1	F1662S	4
BRCA1	S186Y	2
BRCA1	S4F	5
BRCA1	L28P	5
BRCA1	N132K	2
BRCA1	C24Y	5
BRCA1	G1738E	3
BRCA1	G1788D	0
BRCA1	S59R	5
BRCA1	V1809F	0
BRCA1	M1689R	0
BRCA1	M1400V	5
BRCA1	M1008I	4
BRCA1	E1282V	4
BRCA1	V1665M	4
BRCA1	C39R	5
BRCA1	M1775V	4
BRCA1	I26N	5
BRCA1	V1808A	4
BRCA1	H1862L	4
BRCA1	T1720I	4
BRCA1	M1R	0
BRCA1	T47D	4
BRCA1	P1771L	4
BRCA1	V1736A	3
BRCA1	C1787S	4
BRCA1	V1810G	0
BRCA1	R1699Q	3
BRCA1	A1789T	3
BRCA1	R1758G	5
BRCA1	K45Q	4
BRCA1	D1692N	4
BRCA1	I1766S	3
BRCA1	L1267S	4
BRCA1	Q12Y	5
BRCA1	W1718L	0
BRCA1	P1856T	5
BRCA1	R1751Q	4
BRCA1	A1752P	3
BRCA1	R1726G	4
BRCA1	V1653M	0
BRCA1	E1644G	4
BRCA1	H1686Q	3
BRCA1	S1164I	0
BRCA1	V1804D	5
BRCA1	S1301R	4
BRCA1	C44F	3
BRCA1	V191D	4
BRCA1	Q1756C	0
BRCA1	R841Q	4
BRCA1	R1751P	0
BRCA1	C47G	3
BRCA1	C360R	4
BRCA1	M1663K	4
BRCA1	S1715N	3
BRCA1	K50E	5
BRCA1	A1708V	0
BRCA1	P1614S	4
BRCA1	A1843P	0
BRCA1	C39S	5
BRCA1	V1378I	4
BRCA1	P1771R	4
BRCA1	T1691K	0
BRCA1	F1695L	4
BRCA1	K45T	5
BRCA1	S1473P	4
BRCA1	M1652T	5
BRCA1	E1346K	4
BRCA1	R133H	2
BRCA1	D1778G	4
BRCA1	S1613G	4
BRCA1	M18K	5
BRAF	D594N	6
BRAF	E501K	5
BRAF	A728V	6
BRAF	A598T	3
BRAF	T599_V600insV	6
BRAF	L485F	6
BRAF	L485_P490del	6
BRAF	A598V	6
BRAF	I326V	4
BRAF	Q201H	5
BRAF	N581D	1
BRAF	A246P	6
BRAF	G596V	1
BRAF	V600R	6
BRAF	V471F	6
BRAF	V600M	6
BRAF	G478C	3
BRAF	R462E	1
BRAF	TRIM24-BRAF Fusion	6
BRAF	N581S	1
BRAF	R506_K507insVLR	6
BRAF	FAM131B-BRAF Fusion	6
BRAF	CUL1-BRAF Fusion	1
BRAF	L597Q	6
BRAF	L485_P490delinsY	1
BRAF	T488_P492del	1
BRAF	K601N	6
BRAF	V487_P492delinsA	1
BRAF	D594Y	1
BRAF	V600E	6
BRAF	AGK-BRAF Fusion	6
BRAF	T599dup	6
BRAF	S151A	1
BRAF	G464R	6
BRAF	L597R	1
BRAF	PAPSS1-BRAF Fusion	6
BRAF	D594G	1
BRAF	R462I	2
BRAF	G469A	6
BRAF	G469V	1
BRAF	MKRN1-BRAF Fusion	1
BRAF	I463S	4
BRAF	F468C	6
BRAF	T241P	1
BRAF	D594A	6
BRAF	T529N	4
BRAF	G466A	6
BRAF	L485_Q494del	1
BRAF	D594V	6
BRAF	SND1-BRAF Fusion	6
BRAF	T599_V600insEAT	1
BRAF	G466E	6
BRAF	Amplification	6
BRAF	G596R	6
BRAF	G469del	1
BRAF	N486_P490del	1
BRAF	AKAP9-BRAF Fusion	6
BRAF	Fusions	1
BRAF	V600K	6
BRAF	G596C	6
BRAF	E586K	6
BRAF	V600D	6
BRAF	V600G	6
BRAF	V600D_K601insFGLAT	6
BRAF	G464V	6
BRAF	E275K	1
BRAF	T599I	6
BRAF	N581Y	1
BRAF	G466V	6
BRAF	T599R	6
BRAF	Y472C	6
BRAF	G464E	4
BRCA2	R2336P	0
BRCA2	T2250A	5
BRCA2	A2351G	5
BRCA2	L2396F	5
BRCA2	V894I	5
BRCA2	R2502C	5
BRCA2	S1424C	5
BRCA2	R2418G	5
BRCA2	Y3092C	5
BRCA2	I2675V	0
BRCA2	A2643G	4
BRCA2	N1878K	5
BRCA2	T3349A	5
BRCA2	C1265S	5
BRCA2	T582P	5
BRCA2	T1354M	5
BRCA2	L1904V	5
BRCA2	S384F	4
BRCA2	E2663V	0
BRCA2	R3052W	0
BRCA2	S142I	0
BRCA2	N2436I	5
BRCA2	N319T	4
BRCA2	R2659T	0
BRCA2	G1194D	5
BRCA2	Q2858R	5
BRCA2	D1352Y	5
BRCA2	V1306I	5
BRCA2	N1102Y	5
BRCA2	K1434I	5
BRCA2	K2472T	5
BRCA2	L2721H	5
BRCA2	Y42C	4
BRCA2	A2717S	5
BRCA2	N372H	4
BRCA2	Q2384K	5
BRCA2	P1819S	4
BRCA2	P655R	5
BRCA2	N588D	5
BRCA2	N517S	5
BRCA2	K2950N	4
BRCA2	R2784W	0
BRCA2	I2627F	0
BRCA2	D2312V	5
BRCA2	D2723H	0
BRCA2	Deletion	3
BRCA2	L929S	5
BRCA2	S196N	0
BRCA2	A1170V	5
BRCA2	R2336H	3
BRCA2	D806H	5
BRCA2	V1643A	5
BRCA2	E2856A	4
BRCA2	S1733F	5
BRCA2	E462G	4
BRCA2	I1349T	5
BRCA2	D3095E	0
BRCA2	R2973C	4
BRCA2	D935N	5
BRCA2	D2665G	4
BRCA2	D3170G	5
BRCA2	R2602T	0
BRCA2	C554W	5
BRCA2	N1228D	5
BRCA2	V3079I	5
BRCA2	H1918Y	5
BRCA2	L209F	4
BRCA2	R2659K	3
BRCA2	L2865V	4
BRCA2	N987I	5
BRCA2	D1420Y	5
BRCA2	T2681R	5
BRCA2	K513R	4
BRCA2	W2626C	5
BRCA2	S206C	0
BRCA2	A2770T	5
BRCA2	D2723G	0
BRCA2	H2074N	5
BRCA2	G2274V	5
BRCA2	R2318Q	5
BRCA2	P375S	5
BRCA2	R174C	0
BRCA2	A75P	5
BRCA2	N2113S	5
BRCA2	D1280V	5
BRCA2	T3211K	5
BRCA2	R3052Q	5
BRCA2	S2670L	4
BRCA2	M2676T	5
BRCA2	Q1396R	5
BRCA2	K607T	5
BRCA2	G1529R	5
NF2	T352M	4
NF2	E106G	0
NF2	A211D	0
NF2	Truncating Mutations	0
NF2	K79E	0
NF2	L64P	0
PAX8	PAX8-PPAR? Fusion	6
NFE2L2	E79K	6
NFE2L2	T80A	6
NFE2L2	E79Q	6
NFE2L2	G81R	6
NFE2L2	W24R	6
NFE2L2	L30F	6
NFE2L2	W24C	6
NFE2L2	G81D	6
NFE2L2	T80K	6
NFE2L2	V32G	6
NFE2L2	D29Y	6
NFE2L2	G31A	6
NFE2L2	D29H	6
NFE2L2	G81S	6
NFE2L2	I28T	6
NFE2L2	G31V	6
NFE2L2	G31R	6
NFE2L2	E82V	1
NFE2L2	E82D	1
NFE2L2	T80R	6
NFE2L2	W24S	6
FUBP1	Truncating Mutations	0
BTK	R544S	1
BTK	C481S	6
BTK	Y551F	3
NFKBIA	E14*	6
NFKBIA	S36Y	1
NFKBIA	M37K	1
NFKBIA	S32I	6
KDR	C482R	1
KDR	R961W	5
KDR	Q472H	1
BCL10	Deletion	0
BCL10	Truncating Mutations	0
GNAS	R844H	6
GNAS	Q227L	1
GNAS	R201C	6
MGA	Truncating Mutations	0
KIT	D816E	1
KIT	K558N	1
KIT	L576del	6
KIT	D816F	6
KIT	D816N	6
KIT	I563_L576del	1
KIT	E839K	2
KIT	K642E	6
KIT	K550_K558del	6
KIT	P577_D579del	1
KIT	Y578C	6
KIT	Y553_K558del	1
KIT	C809G	1
KIT	P551_E554del	6
KIT	H697Y	6
KIT	N655K	1
KIT	F522C	6
KIT	W557R	6
KIT	V559C	1
KIT	Y553_Q556del	6
KIT	M541L	1
KIT	E554_K558del	1
KIT	S501_A502dup	6
KIT	D419del	6
KIT	Amplification	1
KIT	V559_V560del	6
KIT	M552_K558del	1
KIT	K509I	6
KIT	W557G	1
KIT	L576P	6
KIT	A504_Y505ins	1
KIT	V559D	6
KIT	D816V	6
KIT	Q556_K558del	1
KIT	P551_W557delinsL	1
KIT	Exon 11 mutations	6
KIT	V560G	6
KIT	D814V	6
KIT	D816H	6
KIT	N822Y	1
KIT	I653T	1
KIT	N463S	1
KIT	N564_Y578del	1
KIT	D579del	1
KIT	V560D	6
KIT	V852I	1
KIT	V559G	6
KIT	D816G	6
KIT	D820E	1
KIT	Exon 9 mutations	6
KIT	S476I	6
KIT	V569_L576del	1
KIT	N505I	6
KIT	Y553N	1
KIT	E554_V559del	1
KIT	D572A	6
KIT	N822I	6
KIT	P838L	1
KIT	550_592del	6
KIT	W557_V559delinsC	1
KIT	P573_D579del	6
KIT	W557_K558del	6
KIT	E554_I571del	1
KIT	K558_E562del	1
KIT	D820A	1
KIT	W557_V560del	1
KIT	Y823D	6
KIT	K550_W557del	6
KIT	Y570H	1
KIT	R796G	3
KIT	V555_V559del	6
KIT	K550_V555delinsI	6
KIT	V654A	6
KIT	E490K	1
KIT	V555_L576del	6
KIT	M552_W557del	1
KIT	D816A	1
KIT	V559A	1
MED12	Exon 1 mutations	6
MED12	G44S	8
MED12	Exon 2 mutations	1
MED12	L1224F	1
MED12	Deletion	0
NOTCH1	I1616N	6
NOTCH1	V1578del	1
NOTCH1	R1598P	6
NOTCH1	L1574P	6
NOTCH1	L1596H	6
NOTCH1	L1600P	6
NOTCH1	Q2416*	1
NOTCH1	I1680N	6
NOTCH1	L1593P	6
NOTCH1	A1701P	6
NOTCH1	Truncating Mutations Upstream of Transactivation Domain	0
NOTCH1	L1678P	6
NOTCH1	R1608S	4
NOTCH1	Fusions	1
NOTCH1	I1616T	6
NOTCH1	V1676D	6
NOTCH1	P2412T	1
NOTCH1	Q2405Rfs*17	1
NOTCH1	P2415del	1
NOTCH1	R1594Q	3
NOTCH1	SEC16A1-NOTCH1 Fusion	6
NOTCH1	G2430A	6
NOTCH1	F1592S	6
NOTCH1	P2417A	1
NOTCH1	MIR143-NOTCH1 Fusion	1
NOTCH1	V1671I	1
NOTCH1	A2425T	1
NOTCH2	1_2009trunc	0
NOTCH2	2010_2471trunc	1
RAC1	C18Y	6
RAC1	Amplification	6
DNMT3A	R882C	1
DNMT3A	Truncating Mutations	0
DNMT3B	Amplification	1
DNMT3B	DNMT3B7	7
RAD51C	Truncating Mutations	0
RAD51C	G264S	2
RAD51B	HMGA2-RAD51B Fusion	7
RAD51D	Truncating Mutations	0
KRAS	Q22K	6
KRAS	Q61H	6
KRAS	A11_G12insGA	6
KRAS	G12F	1
KRAS	L19F	6
KRAS	G12D	6
KRAS	F156L	6
KRAS	Y32S	6
KRAS	V14I	6
KRAS	Y64A	6
KRAS	N116H	5
KRAS	E31K	4
KRAS	T74P	6
KRAS	G60R	6
KRAS	A146T	6
KRAS	G13C	6
KRAS	Wildtype	2
KRAS	A146V	6
KRAS	P34L	6
KRAS	K147E	6
KRAS	G12R	6
KRAS	T58I	6
KRAS	K5N	6
KRAS	A18D	6
KRAS	S65N	6
KRAS	G12A	6
KRAS	P34R	6
KRAS	K117N	6
KRAS	Amplification	1
KRAS	Y40A	5
KRAS	Q61R	6
KRAS	G12C	6
KRAS	A59G	6
KRAS	F28L	6
KRAS	Q22R	1
KRAS	Q22E	6
NPM1	Deletion	0
RAF1	ESRP1-RAF1 Fusion	6
RAF1	I448V	6
RAF1	ATG7-RAF1 Fusion	1
RAF1	SRGAP3-RAF1 Fusion	6
RAF1	P261L	1
RAF1	S257W	6
RAF1	S259A	6
RAB35	F161L	6
RAB35	A151T	6
HNF1A	T196A	2
HNF1A	Truncating Mutations	0
HNF1A	P291Qfs*51	0
AKT3	MAGI3-AKT3 Fusion	6
AKT3	E17K	6
AKT3	Amplification	6
AKT3	Fusions	1
TCF3	N551K	3
TCF7L2	Truncating Mutations	0
NRAS	Amplification	5
NRAS	T58I	1
NRAS	Q61K	6
NRAS	G13V	1
NRAS	Q61R	6
NRAS	G60E	6
NRAS	G13D	6
NRAS	G12V	6
NRAS	Q61H	6
NRAS	T50I	1
NRAS	G12D	6
NRAS	Q61L	6
RASA1	L481F	0
RASA1	Y472H	0
RASA1	Deletion	0
BCL2L11	Truncating Mutations	0
BCL2L11	Deletion	0
RB1	L607I	0
RB1	R698W	0
RB1	R661W	5
RB1	W563L	5
RB1	C712R	4
RB1	N480del	4
RB1	S567L	0
RB1	Truncating Mutations	0
RB1	Deletion	0
KDM5A	Amplification	1
NTRK1	TPR-NTRK1 Fusion	6
NTRK1	V710A	3
NTRK1	R342W	6
NTRK1	Fusions	1
NTRK1	NFASC-NTRK1 Fusion	6
NTRK1	TRKAIII Splice Variant	6
NTRK1	Delta-NTRK1 Fusion	6
NTRK1	CD74-NTRK1 Fusion	6
NTRK1	Amplification	6
NTRK1	TFG-NTRK1 Fusion	6
NTRK1	MPRIP-NTRK1 Fusion	6
NTRK2	M713I	0
NTRK2	Fusions	1
NTRK2	R715G	4
NTRK3	BTBD1-NTRK3 Fusion	6
NTRK3	Fusions	1
NTRK3	G623R	1
DUSP4	Deletion	5
DDR2	T654M	5
DDR2	G253C	6
DDR2	L63V	6
DDR2	G505S	6
DDR2	G774V	6
DDR2	I638F	5
DDR2	Amplification	1
DDR2	T654I	5
NSD1	Fusions	1
NSD1	NSD1-NUP98 Fusion	1
CASP8	G325A	6
CASP8	Truncating Mutations	0
CASP8	Deletion	0
CASP8	CASP8L	3
CASP8	Promoter Hypermethylation	3
RET	RET-CCDC6 Fusion	6
RET	A883T	6
RET	C609Y	6
RET	C634R	6
RET	S891A	6
RET	E632_L633del	6
RET	C618R	6
RET	C611Y	6
RET	K603Q	1
RET	D631G	4
RET	E921K	3
RET	S904F	1
RET	L790F	6
RET	R873Q	3
RET	Y806C	1
RET	S765P	3
RET	V804L	1
RET	A883F	6
RET	C634S	6
RET	C634W	1
RET	E768D	1
RET	KIF5B-RET Fusion	6
RET	R833C	1
RET	V804M	6
RET	M918V	1
RET	V648I	4
RET	I852M	1
RET	C620R	6
RET	C634Y	6
RET	V804G	0
RET	R886W	6
RET	F893L	3
RUNX1	Y113*	3
RUNX1	R139G	3
RUNX1	R177Q	3
RUNX1	R166Q	3
RUNX1	R201Q	3
RUNX1	S70fsX93	3
RUNX1	W279*	0
RUNX1	Truncating Mutations	0
RUNX1	R174*	6
RUNX1	D171G	0
RUNX1	Amplification	6
RUNX1	RUNX1-EVI1 Fusion	3
RUNX1	TEL-RUNX1 Fusion	3
RUNX1	G42R	5
RUNX1	RUNX1-RUNX1T1 Fusion	3
RUNX1	A122*	0
RUNX1	Fusions	0
RUNX1	R80C	3
